{
  "swagger": "2.0",
  "info": {
    "version": "2018-04-01",
    "title": "DeviceProvisioningService_ServiceRuntimeClient",
    "description": "API for service operations with the Azure IotHub Device Provisioning Service"
  },
  "host": "localhost",
  "schemes": [
    "https"
  ],
  "paths": {
    "/enrollments/{id}": {
      "get": {
        "tags": [
          "GET"
        ],
        "summary": "Get a device enrollment record.",
        "operationId": "DeviceEnrollment_Get",
        "consumes": [],
        "produces": [
          "application/json"
        ],
        "parameters": [
          {
            "name": "id",
            "in": "path",
            "description": "Registration ID.",
            "required": true,
            "type": "string"
          },
          {
            "$ref": "#/parameters/ApiVersionParameter"
          }
        ],
        "responses": {
          "400": {
            "description": "The body of the request is not valid; for example, it cannot be parsed, or the object cannot be validated."
          },
          "401": {
            "description": "The authorization token cannot be validated; for example, it is expired or does not apply to the request’s URI. This error code is also returned to devices as part of the TPM attestation flow."
          },
          "404": {
            "description": "The Device Provisioning Service instance, or a resource (e.g. an enrollment) does not exist."
          },
          "429": {
            "description": "Operations are being throttled by the service. For specific service limits, see IoT Hub Device Provisioning Service limits."
          },
          "500": {
            "description": "An internal error occurred."
          },
          "200": {
            "description": "Success",
            "schema": {
              "$ref": "#/definitions/IndividualEnrollment"
            }
          },
          "default": {
            "description": "Error response",
            "schema": {
              "$ref": "#/definitions/ProvisioningServiceErrorDetails"
            }
          }
        }
      },
      "put": {
        "tags": [
          "PUT"
        ],
        "summary": "Create or update a device enrollment record.",
        "operationId": "DeviceEnrollment_CreateOrUpdate",
        "consumes": [
          "application/json"
        ],
        "produces": [
          "application/json"
        ],
        "parameters": [
          {
            "name": "id",
            "in": "path",
            "description": "Registration ID.",
            "required": true,
            "type": "string"
          },
          {
            "name": "enrollment",
            "in": "body",
            "description": "The device enrollment record.",
            "required": true,
            "schema": {
              "$ref": "#/definitions/IndividualEnrollment"
            }
          },
          {
            "name": "If-Match",
            "in": "header",
            "description": "The ETag of the enrollment record.",
            "required": false,
            "type": "string"
          },
          {
            "$ref": "#/parameters/ApiVersionParameter"
          }
        ],
        "responses": {
          "400": {
            "description": "The body of the request is not valid; for example, it cannot be parsed, or the object cannot be validated."
          },
          "401": {
            "description": "The authorization token cannot be validated; for example, it is expired or does not apply to the request’s URI. This error code is also returned to devices as part of the TPM attestation flow."
          },
          "404": {
            "description": "The Device Provisioning Service instance, or a resource (e.g. an enrollment) does not exist."
          },
          "429": {
            "description": "Operations are being throttled by the service. For specific service limits, see IoT Hub Device Provisioning Service limits."
          },
          "500": {
            "description": "An internal error occurred."
          },
          "409": {
            "description": "The request conflicts with the current server state. This error is most likely to occur in response to a PUT, POST, or DELETE request. It can be resolved by using the most recent ETag for the resource."
          },
          "412": {
            "description": "The ETag in the request does not match the ETag of the existing resource, as per RFC7232."
          },
          "415": {
            "description": "The request payload is in an unsupported format. The request's Content-Type header should be set to 'application/json'."
          },
          "200": {
            "description": "Success",
            "schema": {
              "$ref": "#/definitions/IndividualEnrollment"
            }
          },
          "default": {
            "description": "Error response",
            "schema": {
              "$ref": "#/definitions/ProvisioningServiceErrorDetails"
            }
          }
        }
      },
      "delete": {
        "tags": [
          "DELETE"
        ],
        "summary": "Delete a device enrollment record.",
        "operationId": "DeviceEnrollment_Delete",
        "consumes": [],
        "produces": [],
        "parameters": [
          {
            "name": "id",
            "in": "path",
            "description": "Registration ID.",
            "required": true,
            "type": "string"
          },
          {
            "name": "If-Match",
            "in": "header",
            "description": "The ETag of the enrollment record.",
            "required": false,
            "type": "string"
          },
          {
            "$ref": "#/parameters/ApiVersionParameter"
          }
        ],
        "responses": {
          "400": {
            "description": "The body of the request is not valid; for example, it cannot be parsed, or the object cannot be validated."
          },
          "401": {
            "description": "The authorization token cannot be validated; for example, it is expired or does not apply to the request’s URI. This error code is also returned to devices as part of the TPM attestation flow."
          },
          "404": {
            "description": "The Device Provisioning Service instance, or a resource (e.g. an enrollment) does not exist."
          },
          "429": {
            "description": "Operations are being throttled by the service. For specific service limits, see IoT Hub Device Provisioning Service limits."
          },
          "500": {
            "description": "An internal error occurred."
          },
          "204": {
            "description": "Success"
          },
          "409": {
            "description": "The request conflicts with the current server state. This error is most likely to occur in response to a PUT, POST, or DELETE request. It can be resolved by using the most recent ETag for the resource."
          },
          "412": {
            "description": "The ETag in the request does not match the ETag of the existing resource, as per RFC7232."
          },
          "default": {
            "description": "Error response",
            "schema": {
              "$ref": "#/definitions/ProvisioningServiceErrorDetails"
            }
          }
        }
      }
    },
    "/enrollmentGroups/{id}": {
      "get": {
        "tags": [
          "GET"
        ],
        "summary": "Get a device enrollment group.",
        "operationId": "DeviceEnrollmentGroup_Get",
        "consumes": [],
        "produces": [
          "application/json"
        ],
        "parameters": [
          {
            "name": "id",
            "in": "path",
            "description": "Enrollment group ID.",
            "required": true,
            "type": "string"
          },
          {
            "$ref": "#/parameters/ApiVersionParameter"
          }
        ],
        "responses": {
          "400": {
            "description": "The body of the request is not valid; for example, it cannot be parsed, or the object cannot be validated."
          },
          "401": {
            "description": "The authorization token cannot be validated; for example, it is expired or does not apply to the request’s URI. This error code is also returned to devices as part of the TPM attestation flow."
          },
          "404": {
            "description": "The Device Provisioning Service instance, or a resource (e.g. an enrollment) does not exist."
          },
          "429": {
            "description": "Operations are being throttled by the service. For specific service limits, see IoT Hub Device Provisioning Service limits."
          },
          "500": {
            "description": "An internal error occurred."
          },
          "200": {
            "description": "Success",
            "schema": {
              "$ref": "#/definitions/EnrollmentGroup"
            }
          },
          "default": {
            "description": "Error response",
            "schema": {
              "$ref": "#/definitions/ProvisioningServiceErrorDetails"
            }
          }
        }
      },
      "put": {
        "tags": [
          "PUT"
        ],
        "summary": "Create or update a device enrollment group.",
        "operationId": "DeviceEnrollmentGroup_CreateOrUpdate",
        "consumes": [
          "application/json"
        ],
        "produces": [
          "application/json"
        ],
        "parameters": [
          {
            "name": "id",
            "in": "path",
            "description": "Enrollment group ID.",
            "required": true,
            "type": "string"
          },
          {
            "name": "enrollmentGroup",
            "in": "body",
            "description": "The device enrollment group.",
            "required": true,
            "schema": {
              "$ref": "#/definitions/EnrollmentGroup"
            }
          },
          {
            "name": "If-Match",
            "in": "header",
            "description": "The ETag of the enrollment record.",
            "required": false,
            "type": "string"
          },
          {
            "$ref": "#/parameters/ApiVersionParameter"
          }
        ],
        "responses": {
          "400": {
            "description": "The body of the request is not valid; for example, it cannot be parsed, or the object cannot be validated."
          },
          "401": {
            "description": "The authorization token cannot be validated; for example, it is expired or does not apply to the request’s URI. This error code is also returned to devices as part of the TPM attestation flow."
          },
          "404": {
            "description": "The Device Provisioning Service instance, or a resource (e.g. an enrollment) does not exist."
          },
          "429": {
            "description": "Operations are being throttled by the service. For specific service limits, see IoT Hub Device Provisioning Service limits."
          },
          "500": {
            "description": "An internal error occurred."
          },
          "409": {
            "description": "The request conflicts with the current server state. This error is most likely to occur in response to a PUT, POST, or DELETE request. It can be resolved by using the most recent ETag for the resource."
          },
          "412": {
            "description": "The ETag in the request does not match the ETag of the existing resource, as per RFC7232."
          },
          "415": {
            "description": "The request payload is in an unsupported format. The request's Content-Type header should be set to 'application/json'."
          },
          "200": {
            "description": "Success",
            "schema": {
              "$ref": "#/definitions/EnrollmentGroup"
            }
          },
          "default": {
            "description": "Error response",
            "schema": {
              "$ref": "#/definitions/ProvisioningServiceErrorDetails"
            }
          }
        }
      },
      "delete": {
        "tags": [
          "DELETE"
        ],
        "summary": "Delete a device enrollment group.",
        "operationId": "DeviceEnrollmentGroup_Delete",
        "consumes": [],
        "produces": [],
        "parameters": [
          {
            "name": "id",
            "in": "path",
            "description": "Enrollment group ID.",
            "required": true,
            "type": "string"
          },
          {
            "name": "If-Match",
            "in": "header",
            "description": "The ETag of the enrollment group record.",
            "required": false,
            "type": "string"
          },
          {
            "$ref": "#/parameters/ApiVersionParameter"
          }
        ],
        "responses": {
          "400": {
            "description": "The body of the request is not valid; for example, it cannot be parsed, or the object cannot be validated."
          },
          "401": {
            "description": "The authorization token cannot be validated; for example, it is expired or does not apply to the request’s URI. This error code is also returned to devices as part of the TPM attestation flow."
          },
          "404": {
            "description": "The Device Provisioning Service instance, or a resource (e.g. an enrollment) does not exist."
          },
          "429": {
            "description": "Operations are being throttled by the service. For specific service limits, see IoT Hub Device Provisioning Service limits."
          },
          "500": {
            "description": "An internal error occurred."
          },
          "204": {
            "description": "Success"
          },
          "409": {
            "description": "The request conflicts with the current server state. This error is most likely to occur in response to a PUT, POST, or DELETE request. It can be resolved by using the most recent ETag for the resource."
          },
          "412": {
            "description": "The ETag in the request does not match the ETag of the existing resource, as per RFC7232."
          },
          "default": {
            "description": "Error response",
            "schema": {
              "$ref": "#/definitions/ProvisioningServiceErrorDetails"
            }
          }
        }
      }
    },
    "/registrations/{id}": {
      "get": {
        "tags": [
          "GET"
        ],
        "summary": "Gets the device registration state.",
        "operationId": "RegistrationState_GetRegistrationState",
        "consumes": [],
        "produces": [
          "application/json"
        ],
        "parameters": [
          {
            "name": "id",
            "in": "path",
            "description": "Registration ID.",
            "required": true,
            "type": "string"
          },
          {
            "$ref": "#/parameters/ApiVersionParameter"
          }
        ],
        "responses": {
          "400": {
            "description": "The body of the request is not valid; for example, it cannot be parsed, or the object cannot be validated."
          },
          "401": {
            "description": "The authorization token cannot be validated; for example, it is expired or does not apply to the request’s URI. This error code is also returned to devices as part of the TPM attestation flow."
          },
          "404": {
            "description": "The Device Provisioning Service instance, or a resource (e.g. an enrollment) does not exist."
          },
          "429": {
            "description": "Operations are being throttled by the service. For specific service limits, see IoT Hub Device Provisioning Service limits."
          },
          "500": {
            "description": "An internal error occurred."
          },
          "200": {
            "description": "Success",
            "schema": {
              "$ref": "#/definitions/DeviceRegistrationState"
            }
          },
          "default": {
            "description": "Error response",
            "schema": {
              "$ref": "#/definitions/ProvisioningServiceErrorDetails"
            }
          }
        }
      },
      "delete": {
        "tags": [
          "DELETE"
        ],
        "summary": "Deletes the device registration",
        "operationId": "RegistrationState_DeleteRegistrationState",
        "consumes": [],
        "produces": [],
        "parameters": [
          {
            "name": "id",
            "in": "path",
            "description": "Registration ID.",
            "required": true,
            "type": "string"
          },
          {
            "name": "If-Match",
            "in": "header",
            "description": "The ETag of the registration status record.",
            "required": false,
            "type": "string"
          },
          {
            "$ref": "#/parameters/ApiVersionParameter"
          }
        ],
        "responses": {
          "400": {
            "description": "The body of the request is not valid; for example, it cannot be parsed, or the object cannot be validated."
          },
          "401": {
            "description": "The authorization token cannot be validated; for example, it is expired or does not apply to the request’s URI. This error code is also returned to devices as part of the TPM attestation flow."
          },
          "404": {
            "description": "The Device Provisioning Service instance, or a resource (e.g. an enrollment) does not exist."
          },
          "429": {
            "description": "Operations are being throttled by the service. For specific service limits, see IoT Hub Device Provisioning Service limits."
          },
          "500": {
            "description": "An internal error occurred."
          },
          "204": {
            "description": "Success"
          },
          "409": {
            "description": "The request conflicts with the current server state. This error is most likely to occur in response to a PUT, POST, or DELETE request. It can be resolved by using the most recent ETag for the resource."
          },
          "412": {
            "description": "The ETag in the request does not match the ETag of the existing resource, as per RFC7232."
          },
          "default": {
            "description": "Error response",
            "schema": {
              "$ref": "#/definitions/ProvisioningServiceErrorDetails"
            }
          }
        }
      }
    },
    "/enrollments": {
      "post": {
        "tags": [
          "POST"
        ],
        "summary": "Bulk device enrollment operation.",
        "operationId": "DeviceEnrollment_BulkOperation",
        "consumes": [
          "application/json"
        ],
        "produces": [
          "application/json"
        ],
        "parameters": [
          {
            "name": "bulkOperation",
            "in": "body",
            "description": "Bulk operation.",
            "required": true,
            "schema": {
              "$ref": "#/definitions/BulkEnrollmentOperation"
            }
          },
          {
            "$ref": "#/parameters/ApiVersionParameter"
          }
        ],
        "responses": {
          "400": {
            "description": "The body of the request is not valid; for example, it cannot be parsed, or the object cannot be validated."
          },
          "401": {
            "description": "The authorization token cannot be validated; for example, it is expired or does not apply to the request’s URI. This error code is also returned to devices as part of the TPM attestation flow."
          },
          "404": {
            "description": "The Device Provisioning Service instance, or a resource (e.g. an enrollment) does not exist."
          },
          "429": {
            "description": "Operations are being throttled by the service. For specific service limits, see IoT Hub Device Provisioning Service limits."
          },
          "500": {
            "description": "An internal error occurred."
          },
          "409": {
            "description": "The request conflicts with the current server state. This error is most likely to occur in response to a PUT, POST, or DELETE request. It can be resolved by using the most recent ETag for the resource."
          },
          "412": {
            "description": "The ETag in the request does not match the ETag of the existing resource, as per RFC7232."
          },
          "415": {
            "description": "The request payload is in an unsupported format. The request's Content-Type header should be set to 'application/json'."
          },
          "200": {
            "description": "Success",
            "schema": {
              "$ref": "#/definitions/BulkEnrollmentOperationResult"
            }
          },
          "default": {
            "description": "Error response",
            "schema": {
              "$ref": "#/definitions/ProvisioningServiceErrorDetails"
            }
          }
        }
      }
    },
    "/enrollments/query": {
      "post": {
        "tags": [
          "POST"
        ],
        "summary": "Query the device enrollment records.",
        "operationId": "DeviceEnrollment_Query",
        "consumes": [
          "application/json"
        ],
        "produces": [
          "application/json"
        ],
        "parameters": [
          {
            "name": "querySpecification",
            "in": "body",
            "description": "The query specification.",
            "required": true,
            "schema": {
              "$ref": "#/definitions/QuerySpecification"
            }
          },
          {
            "$ref": "#/parameters/ApiVersionParameter"
          }
        ],
        "responses": {
          "400": {
            "description": "The body of the request is not valid; for example, it cannot be parsed, or the object cannot be validated."
          },
          "401": {
            "description": "The authorization token cannot be validated; for example, it is expired or does not apply to the request’s URI. This error code is also returned to devices as part of the TPM attestation flow."
          },
          "404": {
            "description": "The Device Provisioning Service instance, or a resource (e.g. an enrollment) does not exist."
          },
          "429": {
            "description": "Operations are being throttled by the service. For specific service limits, see IoT Hub Device Provisioning Service limits."
          },
          "500": {
            "description": "An internal error occurred."
          },
          "415": {
            "description": "The request payload is in an unsupported format. The request's Content-Type header should be set to 'application/json'."
          },
          "200": {
            "description": "Success",
            "schema": {
              "type": "array",
              "items": {
                "$ref": "#/definitions/IndividualEnrollment"
              }
            },
            "headers": {
              "x-ms-continuation": {
                "description": "The continuation token for getting the next page of results.",
                "type": "string"
              },
              "x-ms-max-item-count": {
                "description": "The maximum number of items returned in a page.",
                "type": "integer"
              },
              "x-ms-item-type": {
                "description": "The query result type.",
                "type": "string"
              }
            }
          },
          "default": {
            "description": "Error response",
            "schema": {
              "$ref": "#/definitions/ProvisioningServiceErrorDetails"
            }
          }
        }
      }
    },
    "/enrollmentGroups/query": {
      "post": {
        "tags": [
          "POST"
        ],
        "summary": "Query the device enrollment groups.",
        "operationId": "DeviceEnrollmentGroup_Query",
        "consumes": [
          "application/json"
        ],
        "produces": [
          "application/json"
        ],
        "parameters": [
          {
            "name": "querySpecification",
            "in": "body",
            "description": "The query specification.",
            "required": true,
            "schema": {
              "$ref": "#/definitions/QuerySpecification"
            }
          },
          {
            "$ref": "#/parameters/ApiVersionParameter"
          }
        ],
        "responses": {
          "400": {
            "description": "The body of the request is not valid; for example, it cannot be parsed, or the object cannot be validated."
          },
          "401": {
            "description": "The authorization token cannot be validated; for example, it is expired or does not apply to the request’s URI. This error code is also returned to devices as part of the TPM attestation flow."
          },
          "404": {
            "description": "The Device Provisioning Service instance, or a resource (e.g. an enrollment) does not exist."
          },
          "429": {
            "description": "Operations are being throttled by the service. For specific service limits, see IoT Hub Device Provisioning Service limits."
          },
          "500": {
            "description": "An internal error occurred."
          },
          "415": {
            "description": "The request payload is in an unsupported format. The request's Content-Type header should be set to 'application/json'."
          },
          "200": {
            "description": "Success",
            "schema": {
              "type": "array",
              "items": {
                "$ref": "#/definitions/EnrollmentGroup"
              }
            },
            "headers": {
              "x-ms-continuation": {
                "description": "The continuation token for getting the next page of results.",
                "type": "string"
              },
              "x-ms-max-item-count": {
                "description": "The maximum number of items returned in a page.",
                "type": "integer"
              },
              "x-ms-item-type": {
                "description": "The query result type.",
                "type": "string"
              }
            }
          },
          "default": {
            "description": "Error response",
            "schema": {
              "$ref": "#/definitions/ProvisioningServiceErrorDetails"
            }
          }
        }
      }
    },
    "/registrations/{id}/query": {
      "post": {
        "tags": [
          "POST"
        ],
        "summary": "Gets the registration state of devices in this enrollmentGroup.",
        "operationId": "RegistrationState_QueryRegistrationState",
        "consumes": [],
        "produces": [
          "application/json"
        ],
        "parameters": [
          {
            "name": "id",
            "in": "path",
            "description": "Enrollment group ID.",
            "required": true,
            "type": "string"
          },
          {
            "$ref": "#/parameters/ApiVersionParameter"
          }
        ],
        "responses": {
          "400": {
            "description": "The body of the request is not valid; for example, it cannot be parsed, or the object cannot be validated."
          },
          "401": {
            "description": "The authorization token cannot be validated; for example, it is expired or does not apply to the request’s URI. This error code is also returned to devices as part of the TPM attestation flow."
          },
          "404": {
            "description": "The Device Provisioning Service instance, or a resource (e.g. an enrollment) does not exist."
          },
          "429": {
            "description": "Operations are being throttled by the service. For specific service limits, see IoT Hub Device Provisioning Service limits."
          },
          "500": {
            "description": "An internal error occurred."
          },
          "200": {
            "description": "Success",
            "schema": {
              "type": "array",
              "items": {
                "$ref": "#/definitions/DeviceRegistrationState"
              }
            }
          },
          "default": {
            "description": "Error response",
            "schema": {
              "$ref": "#/definitions/ProvisioningServiceErrorDetails"
            }
          }
        }
      }
    }
  },
  "definitions": {
    "ProvisioningServiceErrorDetails": {
      "type": "object",
      "properties": {
        "errorCode": {
          "format": "int32",
          "type": "integer"
        },
        "trackingId": {
          "type": "string"
        },
        "message": {
          "type": "string"
        },
        "info": {
          "type": "object",
          "additionalProperties": {
            "type": "string"
          }
        },
        "timestampUtc": {
          "format": "date-time",
          "type": "string"
        }
      }
    },
    "IndividualEnrollment": {
      "description": "The device enrollment record.",
      "required": [
        "registrationId",
        "attestation"
      ],
      "type": "object",
      "properties": {
        "capabilities": {
          "$ref": "#/definitions/DeviceCapabilities",
          "description": "Capabilities of the device"
        },
        "registrationId": {
          "description": "Registration ID.",
          "type": "string"
        },
        "deviceId": {
          "description": "Desired IoT Hub device ID (optional).",
          "type": "string"
        },
        "registrationState": {
          "$ref": "#/definitions/DeviceRegistrationState",
          "description": "Current registration status."
        },
        "attestation": {
          "$ref": "#/definitions/AttestationMechanism",
          "description": "Attestation method used by the device."
        },
        "iotHubHostName": {
          "description": "The Iot Hub host name.",
          "type": "string"
        },
        "initialTwin": {
          "$ref": "#/definitions/InitialTwin",
          "description": "Initial device twin."
        },
        "etag": {
          "description": "The entity tag associated with the resource.",
          "type": "string"
        },
        "provisioningStatus": {
          "description": "The provisioning status.",
          "default": "enabled",
          "enum": [
            "enabled",
            "disabled"
          ],
          "type": "string"
        },
        "createdDateTimeUtc": {
          "format": "date-time",
          "description": "The DateTime this resource was created.",
          "type": "string"
        },
        "lastUpdatedDateTimeUtc": {
          "format": "date-time",
          "description": "The DateTime this resource was last updated.",
          "type": "string"
        }
      }
    },
    "DeviceCapabilities": {
      "description": "Device capabilities.",
      "required": [
        "iotEdge"
      ],
      "type": "object",
      "properties": {
        "iotEdge": {
          "description": "IoT Edge capability",
          "type": "boolean"
        }
      }
    },
    "DeviceRegistrationState": {
      "description": "Device registration state.",
      "required": [
        "registrationId",
        "status"
      ],
      "type": "object",
      "properties": {
        "registrationId": {
          "description": "Registration ID.",
          "type": "string"
        },
        "createdDateTimeUtc": {
          "format": "date-time",
          "description": "Registration create date time (in UTC).",
          "type": "string"
        },
        "assignedHub": {
          "description": "Assigned Azure IoT Hub.",
          "type": "string"
        },
        "deviceId": {
          "description": "Device ID.",
          "type": "string"
        },
        "status": {
          "description": "Enrollment status.",
          "enum": [
            "unassigned",
            "assigning",
            "assigned",
            "failed",
            "disabled"
          ],
          "type": "string"
        },
        "errorCode": {
          "format": "int32",
          "description": "Error code.",
          "type": "integer"
        },
        "errorMessage": {
          "description": "Error message.",
          "type": "string"
        },
        "lastUpdatedDateTimeUtc": {
          "format": "date-time",
          "description": "Last updated date time (in UTC).",
          "type": "string"
        },
        "etag": {
          "description": "The entity tag associated with the resource.",
          "type": "string"
        }
      }
    },
    "AttestationMechanism": {
      "description": "Device attestation method.",
      "required": [
        "type"
      ],
      "type": "object",
      "properties": {
        "type": {
          "enum": [
            "none",
            "tpm",
            "x509"
          ],
          "type": "string"
        },
        "tpm": {
          "$ref": "#/definitions/TpmAttestation"
        },
        "x509": {
          "$ref": "#/definitions/X509Attestation"
        }
      }
    },
    "InitialTwin": {
      "description": "Initial device twin. Contains a subset of the properties of Twin.",
      "type": "object",
      "properties": {
        "tags": {
          "$ref": "#/definitions/TwinCollection",
          "description": "Twin tags."
        },
        "properties": {
          "$ref": "#/definitions/InitialTwinProperties",
          "description": "Twin desired properties."
        }
      }
    },
    "TpmAttestation": {
      "description": "Attestation via TPM.",
      "required": [
        "endorsementKey"
      ],
      "type": "object",
      "properties": {
        "endorsementKey": {
          "type": "string"
        },
        "storageRootKey": {
          "type": "string"
        }
      }
    },
    "X509Attestation": {
      "description": "Attestation via X509.",
      "type": "object",
      "properties": {
        "clientCertificates": {
          "$ref": "#/definitions/X509Certificates"
        },
        "signingCertificates": {
          "$ref": "#/definitions/X509Certificates"
        },
        "caReferences": {
          "$ref": "#/definitions/X509CAReferences"
        }
      }
    },
    "InitialTwinProperties": {
      "type": "object",
      "properties": {
        "desired": {
          "$ref": "#/definitions/TwinCollection",
          "description": "Gets and sets the InitialTwin desired properties."
        }
      }
    },
    "X509Certificates": {
      "description": "Primary and secondary certificates",
      "type": "object",
      "properties": {
        "primary": {
          "$ref": "#/definitions/X509CertificateWithInfo"
        },
        "secondary": {
          "$ref": "#/definitions/X509CertificateWithInfo"
        }
      }
    },
    "X509CAReferences": {
      "description": "Primary and secondary CA references.",
      "type": "object",
      "properties": {
        "primary": {
          "type": "string"
        },
        "secondary": {
          "type": "string"
        }
      }
    },
    "X509CertificateWithInfo": {
      "description": "Certificate and Certificate info",
      "type": "object",
      "properties": {
        "certificate": {
          "type": "string"
        },
        "info": {
          "$ref": "#/definitions/X509CertificateInfo"
        }
      }
    },
    "X509CertificateInfo": {
      "description": "X509 certificate info.",
      "required": [
        "subjectName",
        "sha1Thumbprint",
        "sha256Thumbprint",
        "issuerName",
        "notBeforeUtc",
        "notAfterUtc",
        "serialNumber",
        "version"
      ],
      "type": "object",
      "properties": {
        "subjectName": {
          "type": "string"
        },
        "sha1Thumbprint": {
          "type": "string"
        },
        "sha256Thumbprint": {
          "type": "string"
        },
        "issuerName": {
          "type": "string"
        },
        "notBeforeUtc": {
          "format": "date-time",
          "type": "string"
        },
        "notAfterUtc": {
          "format": "date-time",
          "type": "string"
        },
        "serialNumber": {
          "type": "string"
        },
        "version": {
          "format": "int32",
          "type": "integer"
        }
      }
    },
    "EnrollmentGroup": {
      "description": "Enrollment group record.",
      "required": [
        "enrollmentGroupId",
        "attestation"
      ],
      "type": "object",
      "properties": {
        "enrollmentGroupId": {
          "description": "Enrollment Group ID.",
          "type": "string"
        },
        "attestation": {
          "$ref": "#/definitions/AttestationMechanism",
          "description": "Attestation method used by the device."
        },
        "iotHubHostName": {
          "description": "The Iot Hub host name.",
          "type": "string"
        },
        "initialTwin": {
          "$ref": "#/definitions/InitialTwin",
          "description": "Initial device twin."
        },
        "etag": {
          "description": "The entity tag associated with the resource.",
          "type": "string"
        },
        "provisioningStatus": {
          "description": "The provisioning status.",
          "default": "enabled",
          "enum": [
            "enabled",
            "disabled"
          ],
          "type": "string"
        },
        "createdDateTimeUtc": {
          "format": "date-time",
          "description": "The DateTime this resource was created.",
          "type": "string"
        },
        "lastUpdatedDateTimeUtc": {
          "format": "date-time",
          "description": "The DateTime this resource was last updated.",
          "type": "string"
        }
      }
    },
    "BulkEnrollmentOperation": {
      "description": "Bulk operation",
      "required": [
        "enrollments",
        "mode"
      ],
      "type": "object",
      "properties": {
        "enrollments": {
          "description": "Enrollment items",
          "type": "array",
          "items": {
            "$ref": "#/definitions/IndividualEnrollment"
          }
        },
        "mode": {
          "description": "Operation mode",
          "enum": [
            "create",
            "update",
            "updateIfMatchETag",
            "delete"
          ],
          "type": "string"
        }
      }
    },
    "BulkEnrollmentOperationResult": {
      "required": [
        "isSuccessful"
      ],
      "type": "object",
      "properties": {
        "isSuccessful": {
          "description": "Indicates if the operation was successful in its entirety",
          "type": "boolean"
        },
        "errors": {
          "description": "Registration errors",
          "type": "array",
          "items": {
            "$ref": "#/definitions/BulkEnrollmentOperationError"
          }
        }
      }
    },
    "BulkEnrollmentOperationError": {
      "description": "Bulk enrollment operation error",
      "required": [
        "registrationId",
        "errorCode",
        "errorStatus"
      ],
      "type": "object",
      "properties": {
        "registrationId": {
          "description": "Device registration id.",
          "type": "string"
        },
        "errorCode": {
          "format": "int32",
          "description": "Error code",
          "type": "integer"
        },
        "errorStatus": {
          "description": "Error status",
          "type": "string"
        }
      }
    },
    "QuerySpecification": {
      "description": "A Json query request",
      "required": [
        "query"
      ],
      "type": "object",
      "properties": {
        "query": {
          "description": "The query.",
          "type": "string"
        }
      }
    },
    "TwinCollection": {
      "type": "object",
      "properties": {
        "version": {
          "format": "int64",
          "type": "integer"
        },
        "count": {
          "type": "integer"
        },
        "metadata": {
          "$ref": "#/definitions/Metadata"
        }
      },
      "additionalProperties": {
        "type": "object"
      }
    },
    "Metadata": {
      "type": "object",
      "properties": {
        "lastUpdated": {
          "format": "date-time",
          "type": "string"
        },
        "lastUpdatedVersion": {
          "format": "int64",
          "description": "This SHOULD be null for Reported properties metadata and MUST not be null for Desired properties metadata.",
          "type": "integer"
        }
      }
    }
  },
  "parameters": {
    "ApiVersionParameter": {
      "name": "api-version",
      "in": "query",
      "description": "The API version to use for the request. Supported versions include: 2018-04-01",
      "required": true,
      "type": "string",
      "default": "2018-04-01"
    }
  }
}